WeekID,WeekStartDate,WeekEndDate,Month,MonthName,Quarter,Year,WeekOfYear,IsJanuarySpike,IsHolidaySeason,IsSummer
1,2023-01-01,2023-01-07,1,January,Q1,2023,52,1,0,0
2,2023-01-08,2023-01-14,1,January,Q1,2023,1,1,0,0
3,2023-01-15,2023-01-21,1,January,Q1,2023,2,1,0,0
4,2023-01-22,2023-01-28,1,January,Q1,2023,3,0,0,0
5,2023-01-29,2023-02-04,1,January,Q1,2023,4,0,0,0
6,2023-02-05,2023-02-11,2,February,Q1,2023,5,0,0,0
7,2023-02-12,2023-02-18,2,February,Q1,2023,6,0,0,0
8,2023-02-19,2023-02-25,2,February,Q1,2023,7,0,0,0
9,2023-02-26,2023-03-04,2,February,Q1,2023,8,0,0,0
10,2023-03-05,2023-03-11,3,March,Q1,2023,9,0,0,0
11,2023-03-12,2023-03-18,3,March,Q1,2023,10,0,0,0
12,2023-03-19,2023-03-25,3,March,Q1,2023,11,0,0,0
13,2023-03-26,2023-04-01,3,March,Q1,2023,12,0,0,0
14,2023-04-02,2023-04-08,4,April,Q2,2023,13,0,0,0
15,2023-04-09,2023-04-15,4,April,Q2,2023,14,0,0,0
16,2023-04-16,2023-04-22,4,April,Q2,2023,15,0,0,0
17,2023-04-23,2023-04-29,4,April,Q2,2023,16,0,0,0
18,2023-04-30,2023-05-06,4,April,Q2,2023,17,0,0,0
19,2023-05-07,2023-05-13,5,May,Q2,2023,18,0,0,0
20,2023-05-14,2023-05-20,5,May,Q2,2023,19,0,0,0
21,2023-05-21,2023-05-27,5,May,Q2,2023,20,0,0,0
22,2023-05-28,2023-06-03,5,May,Q2,2023,21,0,0,0
23,2023-06-04,2023-06-10,6,June,Q2,2023,22,0,0,1
24,2023-06-11,2023-06-17,6,June,Q2,2023,23,0,0,1
25,2023-06-18,2023-06-24,6,June,Q2,2023,24,0,0,1
26,2023-06-25,2023-07-01,6,June,Q2,2023,25,0,0,1
27,2023-07-02,2023-07-08,7,July,Q3,2023,26,0,0,1
28,2023-07-09,2023-07-15,7,July,Q3,2023,27,0,0,1
29,2023-07-16,2023-07-22,7,July,Q3,2023,28,0,0,1
30,2023-07-23,2023-07-29,7,July,Q3,2023,29,0,0,1
31,2023-07-30,2023-08-05,7,July,Q3,2023,30,0,0,1
32,2023-08-06,2023-08-12,8,August,Q3,2023,31,0,0,1
33,2023-08-13,2023-08-19,8,August,Q3,2023,32,0,0,1
34,2023-08-20,2023-08-26,8,August,Q3,2023,33,0,0,1
35,2023-08-27,2023-09-02,8,August,Q3,2023,34,0,0,1
36,2023-09-03,2023-09-09,9,September,Q3,2023,35,0,0,0
37,2023-09-10,2023-09-16,9,September,Q3,2023,36,0,0,0
38,2023-09-17,2023-09-23,9,September,Q3,2023,37,0,0,0
39,2023-09-24,2023-09-30,9,September,Q3,2023,38,0,0,0
40,2023-10-01,2023-10-07,10,October,Q4,2023,39,0,0,0
41,2023-10-08,2023-10-14,10,October,Q4,2023,40,0,0,0
42,2023-10-15,2023-10-21,10,October,Q4,2023,41,0,0,0
43,2023-10-22,2023-10-28,10,October,Q4,2023,42,0,0,0
44,2023-10-29,2023-11-04,10,October,Q4,2023,43,0,0,0
45,2023-11-05,2023-11-11,11,November,Q4,2023,44,0,0,0
46,2023-11-12,2023-11-18,11,November,Q4,2023,45,0,0,0
47,2023-11-19,2023-11-25,11,November,Q4,2023,46,0,1,0
48,2023-11-26,2023-12-02,11,November,Q4,2023,47,0,1,0
49,2023-12-03,2023-12-09,12,December,Q4,2023,48,0,1,0
50,2023-12-10,2023-12-16,12,December,Q4,2023,49,0,1,0
51,2023-12-17,2023-12-23,12,December,Q4,2023,50,0,1,0
52,2023-12-24,2023-12-30,12,December,Q4,2023,51,0,1,0
53,2023-12-31,2024-01-06,12,December,Q4,2023,52,0,1,0
54,2024-01-07,2024-01-13,1,January,Q1,2024,1,1,0,0
55,2024-01-14,2024-01-20,1,January,Q1,2024,2,1,0,0
56,2024-01-21,2024-01-27,1,January,Q1,2024,3,1,0,0
57,2024-01-28,2024-02-03,1,January,Q1,2024,4,0,0,0
58,2024-02-04,2024-02-10,2,February,Q1,2024,5,0,0,0
59,2024-02-11,2024-02-17,2,February,Q1,2024,6,0,0,0
60,2024-02-18,2024-02-24,2,February,Q1,2024,7,0,0,0
61,2024-02-25,2024-03-02,2,February,Q1,2024,8,0,0,0
62,2024-03-03,2024-03-09,3,March,Q1,2024,9,0,0,0
63,2024-03-10,2024-03-16,3,March,Q1,2024,10,0,0,0
64,2024-03-17,2024-03-23,3,March,Q1,2024,11,0,0,0
65,2024-03-24,2024-03-30,3,March,Q1,2024,12,0,0,0
66,2024-03-31,2024-04-06,3,March,Q1,2024,13,0,0,0
67,2024-04-07,2024-04-13,4,April,Q2,2024,14,0,0,0
68,2024-04-14,2024-04-20,4,April,Q2,2024,15,0,0,0
69,2024-04-21,2024-04-27,4,April,Q2,2024,16,0,0,0
70,2024-04-28,2024-05-04,4,April,Q2,2024,17,0,0,0
71,2024-05-05,2024-05-11,5,May,Q2,2024,18,0,0,0
72,2024-05-12,2024-05-18,5,May,Q2,2024,19,0,0,0
73,2024-05-19,2024-05-25,5,May,Q2,2024,20,0,0,0
74,2024-05-26,2024-06-01,5,May,Q2,2024,21,0,0,0
75,2024-06-02,2024-06-08,6,June,Q2,2024,22,0,0,1
76,2024-06-09,2024-06-15,6,June,Q2,2024,23,0,0,1
77,2024-06-16,2024-06-22,6,June,Q2,2024,24,0,0,1
78,2024-06-23,2024-06-29,6,June,Q2,2024,25,0,0,1
79,2024-06-30,2024-07-06,6,June,Q2,2024,26,0,0,1
80,2024-07-07,2024-07-13,7,July,Q3,2024,27,0,0,1
81,2024-07-14,2024-07-20,7,July,Q3,2024,28,0,0,1
82,2024-07-21,2024-07-27,7,July,Q3,2024,29,0,0,1
83,2024-07-28,2024-08-03,7,July,Q3,2024,30,0,0,1
84,2024-08-04,2024-08-10,8,August,Q3,2024,31,0,0,1
85,2024-08-11,2024-08-17,8,August,Q3,2024,32,0,0,1
86,2024-08-18,2024-08-24,8,August,Q3,2024,33,0,0,1
87,2024-08-25,2024-08-31,8,August,Q3,2024,34,0,0,1
88,2024-09-01,2024-09-07,9,September,Q3,2024,35,0,0,0
89,2024-09-08,2024-09-14,9,September,Q3,2024,36,0,0,0
90,2024-09-15,2024-09-21,9,September,Q3,2024,37,0,0,0
91,2024-09-22,2024-09-28,9,September,Q3,2024,38,0,0,0
92,2024-09-29,2024-10-05,9,September,Q3,2024,39,0,0,0
93,2024-10-06,2024-10-12,10,October,Q4,2024,40,0,0,0
94,2024-10-13,2024-10-19,10,October,Q4,2024,41,0,0,0
95,2024-10-20,2024-10-26,10,October,Q4,2024,42,0,0,0
96,2024-10-27,2024-11-02,10,October,Q4,2024,43,0,0,0
97,2024-11-03,2024-11-09,11,November,Q4,2024,44,0,0,0
98,2024-11-10,2024-11-16,11,November,Q4,2024,45,0,0,0
99,2024-11-17,2024-11-23,11,November,Q4,2024,46,0,1,0
100,2024-11-24,2024-11-30,11,November,Q4,2024,47,0,1,0
101,2024-12-01,2024-12-07,12,December,Q4,2024,48,0,1,0
102,2024-12-08,2024-12-14,12,December,Q4,2024,49,0,1,0
103,2024-12-15,2024-12-21,12,December,Q4,2024,50,0,1,0
104,2024-12-22,2024-12-28,12,December,Q4,2024,51,0,1,0
