MarketingSpendID,WeekID,AcquisitionChannelID,WeeklySpend
1,1,1,257.55
2,1,2,496.95
3,1,3,5152.16
4,1,4,525.33
5,1,5,0.0
6,1,6,824.58
7,2,1,276.6
8,2,2,533.8
9,2,3,4430.58
10,2,4,877.14
11,2,5,0.0
12,2,6,967.34
13,3,1,298.74
14,3,2,414.21
15,3,3,4764.01
16,3,4,831.05
17,3,5,0.0
18,3,6,1275.04
19,4,1,281.28
20,4,2,430.53
21,4,3,2030.72
22,4,4,650.81
23,4,5,0.0
24,4,6,872.89
25,5,1,341.04
26,5,2,499.86
27,5,3,2293.5
28,5,4,552.33
29,5,5,0.0
30,5,6,1393.48
31,6,1,301.25
32,6,2,569.6
33,6,3,2827.11
34,6,4,567.65
35,6,5,0.0
36,6,6,803.75
37,7,1,311.67
38,7,2,559.75
39,7,3,3092.57
40,7,4,752.22
41,7,5,0.0
42,7,6,1321.36
43,8,1,278.44
44,8,2,346.51
45,8,3,2969.43
46,8,4,469.77
47,8,5,0.0
48,8,6,828.25
49,9,1,374.19
50,9,2,413.34
51,9,3,1989.8
52,9,4,417.72
53,9,5,0.0
54,9,6,599.91
55,10,1,297.87
56,10,2,412.2
57,10,3,1664.41
58,10,4,755.01
59,10,5,0.0
60,10,6,1495.41
61,11,1,248.96
62,11,2,328.75
63,11,3,2101.22
64,11,4,556.89
65,11,5,0.0
66,11,6,1291.73
67,12,1,389.5
68,12,2,572.64
69,12,3,2101.82
70,12,4,539.25
71,12,5,0.0
72,12,6,1042.05
73,13,1,333.19
74,13,2,507.87
75,13,3,2662.72
76,13,4,552.65
77,13,5,0.0
78,13,6,1490.48
79,14,1,277.71
80,14,2,585.08
81,14,3,2278.54
82,14,4,637.92
83,14,5,0.0
84,14,6,825.72
85,15,1,236.58
86,15,2,505.48
87,15,3,1602.18
88,15,4,750.21
89,15,5,0.0
90,15,6,1187.27
91,16,1,215.26
92,16,2,416.88
93,16,3,2920.77
94,16,4,764.03
95,16,5,0.0
96,16,6,754.89
97,17,1,304.31
98,17,2,562.82
99,17,3,2836.18
100,17,4,671.91
101,17,5,0.0
102,17,6,1305.87
103,18,1,360.37
104,18,2,544.63
105,18,3,3145.74
106,18,4,624.35
107,18,5,0.0
108,18,6,1153.85
109,19,1,282.64
110,19,2,317.66
111,19,3,2590.75
112,19,4,468.46
113,19,5,0.0
114,19,6,1068.62
115,20,1,304.13
116,20,2,456.36
117,20,3,1691.56
118,20,4,757.68
119,20,5,0.0
120,20,6,1012.48
121,21,1,251.74
122,21,2,571.98
123,21,3,1929.12
124,21,4,717.82
125,21,5,0.0
126,21,6,1370.23
127,22,1,208.56
128,22,2,527.6
129,22,3,2301.75
130,22,4,565.27
131,22,5,0.0
132,22,6,885.83
133,23,1,239.58
134,23,2,269.06
135,23,3,1193.64
136,23,4,440.82
137,23,5,0.0
138,23,6,644.11
139,24,1,163.59
140,24,2,380.95
141,24,3,1814.01
142,24,4,383.79
143,24,5,0.0
144,24,6,845.08
145,25,1,201.88
146,25,2,344.03
147,25,3,1582.52
148,25,4,339.28
149,25,5,0.0
150,25,6,560.27
151,26,1,241.06
152,26,2,409.19
153,26,3,1801.99
154,26,4,368.79
155,26,5,0.0
156,26,6,439.23
157,27,1,284.58
158,27,2,423.05
159,27,3,2352.84
160,27,4,443.56
161,27,5,0.0
162,27,6,1023.18
163,28,1,172.49
164,28,2,282.8
165,28,3,2483.31
166,28,4,347.12
167,28,5,0.0
168,28,6,902.18
169,29,1,252.97
170,29,2,242.45
171,29,3,1168.98
172,29,4,586.87
173,29,5,0.0
174,29,6,984.47
175,30,1,166.18
176,30,2,333.34
177,30,3,2041.0
178,30,4,580.99
179,30,5,0.0
180,30,6,382.87
181,31,1,295.1
182,31,2,360.21
183,31,3,1683.83
184,31,4,524.68
185,31,5,0.0
186,31,6,1103.31
187,32,1,208.85
188,32,2,437.67
189,32,3,1920.75
190,32,4,403.29
191,32,5,0.0
192,32,6,637.26
193,33,1,223.78
194,33,2,240.17
195,33,3,2408.92
196,33,4,304.32
197,33,5,0.0
198,33,6,472.4
199,34,1,270.98
200,34,2,257.06
201,34,3,1828.64
202,34,4,410.98
203,34,5,0.0
204,34,6,548.13
205,35,1,158.02
206,35,2,291.83
207,35,3,1892.63
208,35,4,461.68
209,35,5,0.0
210,35,6,743.41
211,36,1,321.21
212,36,2,392.93
213,36,3,3388.05
214,36,4,485.32
215,36,5,0.0
216,36,6,561.85
217,37,1,306.35
218,37,2,596.6
219,37,3,2680.88
220,37,4,773.39
221,37,5,0.0
222,37,6,1389.68
223,38,1,304.85
224,38,2,316.61
225,38,3,1872.64
226,38,4,561.27
227,38,5,0.0
228,38,6,1042.56
229,39,1,300.2
230,39,2,558.82
231,39,3,1691.01
232,39,4,724.06
233,39,5,0.0
234,39,6,536.14
235,40,1,265.36
236,40,2,322.49
237,40,3,2760.42
238,40,4,795.82
239,40,5,0.0
240,40,6,997.99
241,41,1,227.63
242,41,2,533.06
243,41,3,1643.44
244,41,4,456.12
245,41,5,0.0
246,41,6,723.16
247,42,1,308.03
248,42,2,503.21
249,42,3,1783.85
250,42,4,491.2
251,42,5,0.0
252,42,6,1419.77
253,43,1,296.53
254,43,2,599.21
255,43,3,1794.91
256,43,4,759.29
257,43,5,0.0
258,43,6,1424.91
259,44,1,321.0
260,44,2,518.81
261,44,3,2490.11
262,44,4,410.72
263,44,5,0.0
264,44,6,1237.08
265,45,1,353.37
266,45,2,380.05
267,45,3,3288.46
268,45,4,460.15
269,45,5,0.0
270,45,6,1384.8
271,46,1,312.79
272,46,2,336.93
273,46,3,1612.29
274,46,4,683.98
275,46,5,0.0
276,46,6,1472.53
277,47,1,361.31
278,47,2,376.6
279,47,3,2669.06
280,47,4,535.33
281,47,5,0.0
282,47,6,1183.0
283,48,1,232.39
284,48,2,358.78
285,48,3,2839.03
286,48,4,658.5
287,48,5,0.0
288,48,6,853.21
289,49,1,236.19
290,49,2,408.69
291,49,3,2457.79
292,49,4,434.76
293,49,5,0.0
294,49,6,1234.47
295,50,1,374.15
296,50,2,572.35
297,50,3,1825.83
298,50,4,534.89
299,50,5,0.0
300,50,6,919.55
301,51,1,381.31
302,51,2,468.96
303,51,3,3326.44
304,51,4,668.2
305,51,5,0.0
306,51,6,682.62
307,52,1,318.15
308,52,2,439.42
309,52,3,1808.47
310,52,4,636.42
311,52,5,0.0
312,52,6,1104.03
313,53,1,324.33
314,53,2,469.07
315,53,3,2587.07
316,53,4,565.73
317,53,5,0.0
318,53,6,639.49
319,54,1,341.08
320,54,2,501.47
321,54,3,6452.7
322,54,4,811.82
323,54,5,0.0
324,54,6,1091.65
325,55,1,251.67
326,55,2,674.05
327,55,3,7819.13
328,55,4,929.65
329,55,5,0.0
330,55,6,947.97
331,56,1,371.22
332,56,2,470.83
333,56,3,11339.04
334,56,4,615.67
335,56,5,0.0
336,56,6,841.32
337,57,1,434.4
338,57,2,386.27
339,57,3,3556.23
340,57,4,634.63
341,57,5,0.0
342,57,6,1486.62
343,58,1,246.4
344,58,2,450.37
345,58,3,4988.04
346,58,4,497.75
347,58,5,0.0
348,58,6,1748.53
349,59,1,358.59
350,59,2,641.15
351,59,3,4252.33
352,59,4,901.75
353,59,5,0.0
354,59,6,1191.98
355,60,1,249.19
356,60,2,451.86
357,60,3,4419.79
358,60,4,672.08
359,60,5,0.0
360,60,6,1543.67
361,61,1,379.53
362,61,2,559.59
363,61,3,4841.16
364,61,4,920.45
365,61,5,0.0
366,61,6,1030.87
367,62,1,295.58
368,62,2,522.74
369,62,3,2720.84
370,62,4,547.83
371,62,5,0.0
372,62,6,1804.69
373,63,1,343.54
374,63,2,671.26
375,63,3,2561.76
376,63,4,836.56
377,63,5,0.0
378,63,6,1305.78
379,64,1,378.05
380,64,2,536.87
381,64,3,2760.37
382,64,4,588.14
383,64,5,0.0
384,64,6,922.56
385,65,1,222.84
386,65,2,672.12
387,65,3,3502.52
388,65,4,859.44
389,65,5,0.0
390,65,6,1546.85
391,66,1,434.66
392,66,2,507.32
393,66,3,3267.37
394,66,4,785.05
395,66,5,0.0
396,66,6,1892.94
397,67,1,305.34
398,67,2,567.12
399,67,3,3686.32
400,67,4,926.53
401,67,5,0.0
402,67,6,1301.24
403,68,1,381.71
404,68,2,607.53
405,68,3,5091.4
406,68,4,683.39
407,68,5,0.0
408,68,6,1022.64
409,69,1,317.9
410,69,2,465.9
411,69,3,4666.76
412,69,4,618.57
413,69,5,0.0
414,69,6,1000.9
415,70,1,264.2
416,70,2,640.25
417,70,3,3615.4
418,70,4,513.9
419,70,5,0.0
420,70,6,1167.05
421,71,1,306.33
422,71,2,502.75
423,71,3,2527.02
424,71,4,810.81
425,71,5,0.0
426,71,6,838.91
427,72,1,275.39
428,72,2,607.37
429,72,3,3609.35
430,72,4,704.76
431,72,5,0.0
432,72,6,1455.51
433,73,1,315.13
434,73,2,581.38
435,73,3,3755.09
436,73,4,845.44
437,73,5,0.0
438,73,6,1924.12
439,74,1,369.75
440,74,2,620.71
441,74,3,4668.06
442,74,4,843.6
443,74,5,0.0
444,74,6,1810.57
445,75,1,185.54
446,75,2,325.0
447,75,3,3170.72
448,75,4,472.32
449,75,5,0.0
450,75,6,1293.11
451,76,1,299.95
452,76,2,287.29
453,76,3,1693.32
454,76,4,535.93
455,76,5,0.0
456,76,6,1147.99
457,77,1,206.9
458,77,2,392.96
459,77,3,2908.52
460,77,4,538.6
461,77,5,0.0
462,77,6,1292.97
463,78,1,205.61
464,78,2,466.88
465,78,3,3883.64
466,78,4,422.64
467,78,5,0.0
468,78,6,527.98
469,79,1,295.87
470,79,2,347.05
471,79,3,1757.55
472,79,4,686.34
473,79,5,0.0
474,79,6,909.03
475,80,1,211.05
476,80,2,425.23
477,80,3,2137.34
478,80,4,602.81
479,80,5,0.0
480,80,6,651.07
481,81,1,244.27
482,81,2,303.38
483,81,3,3390.85
484,81,4,506.44
485,81,5,0.0
486,81,6,860.22
487,82,1,180.69
488,82,2,288.56
489,82,3,2999.0
490,82,4,570.98
491,82,5,0.0
492,82,6,1013.46
493,83,1,320.0
494,83,2,298.95
495,83,3,2271.44
496,83,4,680.11
497,83,5,0.0
498,83,6,1070.88
499,84,1,186.4
500,84,2,515.58
501,84,3,3873.55
502,84,4,507.29
503,84,5,0.0
504,84,6,499.02
505,85,1,207.27
506,85,2,442.17
507,85,3,2901.96
508,85,4,689.6
509,85,5,0.0
510,85,6,1077.42
511,86,1,236.09
512,86,2,291.37
513,86,3,2850.15
514,86,4,645.72
515,86,5,0.0
516,86,6,1041.54
517,87,1,191.21
518,87,2,537.4
519,87,3,3348.6
520,87,4,435.66
521,87,5,0.0
522,87,6,1090.02
523,88,1,359.03
524,88,2,439.64
525,88,3,5208.28
526,88,4,603.8
527,88,5,0.0
528,88,6,1377.05
529,89,1,280.96
530,89,2,436.52
531,89,3,4069.39
532,89,4,520.38
533,89,5,0.0
534,89,6,1801.78
535,90,1,263.0
536,90,2,410.59
537,90,3,3504.93
538,90,4,940.08
539,90,5,0.0
540,90,6,1774.37
541,91,1,263.63
542,91,2,533.2
543,91,3,5085.65
544,91,4,582.93
545,91,5,0.0
546,91,6,767.89
547,92,1,350.12
548,92,2,363.01
549,92,3,3278.36
550,92,4,611.18
551,92,5,0.0
552,92,6,1243.22
553,93,1,368.09
554,93,2,635.82
555,93,3,5158.94
556,93,4,668.06
557,93,5,0.0
558,93,6,1742.97
559,94,1,429.48
560,94,2,386.64
561,94,3,4090.88
562,94,4,829.54
563,94,5,0.0
564,94,6,695.63
565,95,1,259.74
566,95,2,444.3
567,95,3,3838.94
568,95,4,759.32
569,95,5,0.0
570,95,6,1373.49
571,96,1,271.98
572,96,2,499.32
573,96,3,4064.32
574,96,4,818.77
575,96,5,0.0
576,96,6,1337.36
577,97,1,317.75
578,97,2,381.14
579,97,3,4647.74
580,97,4,757.35
581,97,5,0.0
582,97,6,1052.21
583,98,1,387.22
584,98,2,603.6
585,98,3,2685.57
586,98,4,787.62
587,98,5,0.0
588,98,6,712.2
589,99,1,275.41
590,99,2,516.12
591,99,3,4320.56
592,99,4,526.15
593,99,5,0.0
594,99,6,1760.96
595,100,1,415.52
596,100,2,517.65
597,100,3,5183.93
598,100,4,591.99
599,100,5,0.0
600,100,6,1178.28
601,101,1,243.49
602,101,2,471.43
603,101,3,2975.8
604,101,4,769.77
605,101,5,0.0
606,101,6,1019.35
607,102,1,384.38
608,102,2,584.37
609,102,3,3870.03
610,102,4,511.96
611,102,5,0.0
612,102,6,676.0
613,103,1,281.51
614,103,2,468.56
615,103,3,3080.87
616,103,4,859.48
617,103,5,0.0
618,103,6,696.96
619,104,1,331.79
620,104,2,668.19
621,104,3,2892.18
622,104,4,593.47
623,104,5,0.0
624,104,6,1013.83
